1, 1, fear, 0
1, 2, fear, 0
1, 3, content, 0
1, 4, happy, 1025
2, 1, fear, 0
2, 2, fear, 0
2, 3, satisfied, 0
2, 4, happy, 552
3, 1, fear, 0
3, 2, fear, 0
3, 3, content, 0
3, 4, happy, 728
4, 1, content, 0
4, 2, fear, 0
4, 3, content, 0
4, 4, satisfied, 328
5, 1, content, 0
5, 2, fear, 0
5, 3, fear, 0
5, 4, happy, 231
6, 1, stress, 0
6, 2, stress, 0
6, 3, stress, 0
6, 4, satisfied, 616
7, 1, stress, 0
7, 2, stress, 0
7, 3, stress, 0
7, 4, content, 229
8, 1, stress, 0
8, 2, stress, 0
8, 3, stress, 0
8, 4, satisfied, 73
9, 1, stress, 0
9, 2, stress, 0
9, 3, stress, 0
9, 4, happy, 723
10, 1, content, 0
10, 2, content, 0
10, 3, satisfied, 0
10, 4, happy, 1265
11, 1, stress, 0
11, 2, stress, 0
11, 3, content, 0
11, 4, satisfied, 869
12, 1, stress, 0
12, 2, content, 0
12, 3, content, 0
12, 4, satisfied, 321
13, 1, stress, 0
13, 2, stress, 0
13, 3, content, 0
13, 4, happy, 264
14, 1, stress, 0
14, 2, content, 0
14, 3, content, 0
14, 4, content, 168
15, 1, stress, 0
15, 2, content, 0
15, 3, satisfied, 0
15, 4, satisfied, 476
16, 1, stress, 0
16, 2, content, 0
16, 3, content, 0
16, 4, satisfied, 576
17, 1, stress, 0
17, 2, content, 0
17, 3, satisfied, 0
17, 4, happy, 1342
18, 1, stress, 0
18, 2, content, 0
18, 3, happy, 0
18, 4, happy, 469