[
  {
    "id": "emotion",
    "value": ""
  },
  {
    "id": "emotion.sad",
    "value": ""
  },
  {
    "id": "emotion.sad.verySad",
    "value": ""
  },
  {
    "id": "emotion.sad.verySad.low",
    "value": 3938
  },
  {
    "id": "emotion.sad.verySad.tooStress",
    "value": 3812
  },
  {
    "id": "emotion.sad.verySad.die",
    "value": 6714
  },
  {
    "id": "emotion.sad.lessSad",
    "value": ""
  },
  {
    "id": "emotion.sad.lessSad.improve",
    "value": 3534
  },
  {
    "id": "emotion.sad.lessSad.fair",
    "value": 5731
  },
  {
    "id": "emotion.sad.lessSad.failed",
    "value": 7840
  },
  {
    "id": "emotion.sad.lessSad.try",
    "value": 5914
  },
  {
    "id": "emotion.sad.lessSad.idiot",
    "value": 3416
  },
  {
    "id": "emotion.sad.mediumSad",
    "value": ""
  },
  {
    "id": "emotion.sad.mediumSad.sadness",
    "value": 3534
  },
  {
    "id": "emotion.sad.mediumSad.lessmarks",
    "value": 5731
  },
  {
    "id": "emotion.happy",
    "value": ""
  },
  {
    "id": "emotion.happy.Overjoyed",
    "value": 7010
  },
  {
    "id": "emotion.happy.delighted",
    "value": ""
  },
  {
    "id": "emotion.happy.delighted.Pleasant",
    "value": 3983
  },
  {
    "id": "emotion.happy.delighted.Excited",
    "value": 2047
  },
  {
    "id": "emotion.happy.delighted.Gratified",
    "value": 4375
  },
  {
    "id": "emotion.happy.Satisfied",
    "value": ""
  },
  {
    "id": "emotion.happy.Satisfied.Contented",
    "value": 8746
  },
  {
    "id": "emotion.happy.Satisfied.Convinced",
    "value": 3922
  },
  {
    "id": "emotion.happy.Satisfied.Positive",
    "value": 1993
  },
  {
    "id": "emotion.happy.Joyful",
    "value": ""
  },
  {
    "id": "emotion.happy.Joyful.Cheerful",
    "value": 2983
  },
  {
    "id": "emotion.happy.Joyful.happy",
    "value": 10754
  },
  {
    "id": "emotion.happy.Joyful.Entertaining",
    "value": 6042
  },
  {
    "id": "emotion.happy.Fun-loving",
    "value": 5041
  },
  {
    "id": "emotion.anger",
    "value": ""
  },
  {
    "id": "emotion.anger.rage",
    "value": ""
  },
  {
    "id": "emotion.anger.rage.fury",
    "value": 721
  },
  {
    "id": "emotion.anger.rage.voilence",
    "value": 2294
  },
  {
    "id": "emotion.anger.rage.temper",
    "value": 9800
  },
  {
    "id": "emotion.anger.displeasure",
    "value": ""
  },
  {
    "id": "emotion.anger.displeasure.dislike",
    "value": 1714
  },
  {
    "id": "emotion.anger.displeasure.dissatisfied",
    "value": 4220
  },
  {
    "id": "emotion.anger.hatred",
    "value": 1759
  },
  {
    "id": "emotion.anger.envy",
    "value": 2165
  },
  {
    "id": "emotion.anger.revenge",
    "value": 1986
  },
  {
    "id": "emotion.fear",
    "value": ""
  },
  {
    "id": "emotion.fear.concern",
    "value": ""
  },
  {
    "id": "emotion.fear.concern.anxiety",
    "value": 19778
  },
  {
    "id": "emotion.fear.concern.burden",
    "value": 9789
  },
  {
    "id": "emotion.fear.concern.involvement",
    "value": 4598
  },
  {
    "id": "emotion.fear.worry",
    "value": ""
  },
  {
    "id": "emotion.fear.worry.headache",
    "value": 3456
  },
  {
    "id": "emotion.fear.worry.problem",
    "value": 15467
  },
  {
    "id": "emotion.fear.worry.uncertainity",
    "value": 9567
  },
  {
    "id": "emotion.fear.worry.misery",
    "value": 4567
  },
  {
    "id": "emotion.fear.doubt",
    "value": 15089
  },
  {
    "id": "emotion.fear.confusion",
    "value": 7890
  },
  {
    "id": "emotion.fear.difficulty",
    "value": 12089
  },
  {
    "id": "emotion.fear.horror",
    "value": 3891
  },
  {
    "id": "emotion.fear.terror",
    "value": 1891
  },
  {
    "id": "emotion.fear.panic",
    "value": 4893
  },
  {
    "id": "emotion.disgust",
    "value": ""
  },
  {
    "id": "emotion.disgust.dislike",
    "value": 6567
  },
  {
    "id": "emotion.disgust.disgusting",
    "value": 7567
  },
  {
    "id": "emotion.disgust.hatred",
    "value": 2893
  }
]