Entity,Group,ID
Open-IT,IT-Dept,Open-IT
SC-IT,IT-Dept,SC-IT
ST-IT,IT-Dept,ST-IT
OBC-IT,IT-Dept,OBC-IT
Open-Mech,Mech-Dept,Open-Mech
SC-Mech,Mech-Dept,SC-Mech
ST-Mech,Mech-Dept,ST-Mech
OBC-Mech,Mech-Dept,OBC-Mech
Open-Civil,Civil-Dept,Open-Civil
SC-Civil,Civil-Dept,SC-Civil
ST-Civil,Civil-Dept,ST-Civil
OBC-Civil,Civil-Dept,OBC-Civil
Open-Comps,Comps-Dept,Open-Comps
SC-Comps,Comps-Dept,SC-Comps
ST-Comps,Comps-Dept,ST-Comps
OBC-Comps,Comps-Dept,OBC-Comps
Open-Extc,Extc-Dept,Open-Extc
SC-Extc,Extc-Dept,SC-Extc
ST-Extc,Extc-Dept,ST-Extc
OBC-Extc,Extc-Dept,OBC-Extc
